﻿CT151_L10,125*125,Papillary,1,83
CT151_R3,125*125,Nodule,1,85
CT239_L2,125*125,Normal,0,251
CT239_R3,125*125,Goiter,1,253
CT26_L2,125*125,Nodule,1,306
CT26_R3,125*125,Papillary,1,307
CT432_L1,125*125,Papillary,1,553
CT432_R4,125*125,Goiter,1,556
CT446_L1,125*125,Papillary,1,584
CT446_R2,125*125,Normal,0,585
CT543_L2,125*125,Normal,0,800
CT543_R4,125*125,Adenoma,1,802
CT572_L2,125*125,Nodule,1,884
CT572_R1,125*125,Goiter,1,883
CT578_L4,125*125,Nodule,1,911
CT578_R5,125*125,Papillary,1,912
CT6_L3,125*125,Adenoma,1,937
CT6_R2,125*125,Nodule,1,937
